chunk_id,file_name,row_count,dialect_counts_json,sha256,status
1,chunk_0001.csv,80,"{""DIAL_EGY"": 20, ""DIAL_GLF"": 20, ""DIAL_LEV"": 20, ""MSA"": 20}",cc198f4f7c306db8b0b95f7724582ae7b7c9726b5de5f04c337aef2370562553,pending
2,chunk_0002.csv,80,"{""DIAL_EGY"": 20, ""DIAL_GLF"": 20, ""DIAL_LEV"": 20, ""MSA"": 20}",c091ed96d433a56071ebc3628db537a96e30e13c4f348dfbd9adf210c7755961,pending
3,chunk_0003.csv,80,"{""DIAL_EGY"": 20, ""DIAL_GLF"": 20, ""DIAL_LEV"": 20, ""MSA"": 20}",8e5a3c9e89adceb50723baa0fae48303120a620a4d41891aeac07d5519ab5db0,pending
4,chunk_0004.csv,80,"{""DIAL_EGY"": 20, ""DIAL_GLF"": 20, ""DIAL_LEV"": 20, ""MSA"": 20}",47a3819fb22673dd5631155c2d33fe69569f90692e0264800e51ed001a15a117,pending
5,chunk_0005.csv,80,"{""DIAL_EGY"": 20, ""DIAL_GLF"": 20, ""DIAL_LEV"": 20, ""MSA"": 20}",f2edd9605ddec9b629477529ae9956d61c2ed46cee36f69bd08dd5ddaae5392b,pending
6,chunk_0006.csv,80,"{""DIAL_EGY"": 20, ""DIAL_GLF"": 20, ""DIAL_LEV"": 20, ""MSA"": 20}",dc2be10b729652d509bc4e0b2d24fa008e15e4dd884c74d12290c39739ef5302,pending
7,chunk_0007.csv,80,"{""DIAL_EGY"": 20, ""DIAL_GLF"": 20, ""DIAL_LEV"": 20, ""MSA"": 20}",dc67199047a4ffb80cd1a8286c8a2afbafaf69e347ca7ea4f1660fd207b11096,pending
8,chunk_0008.csv,80,"{""DIAL_EGY"": 20, ""DIAL_GLF"": 20, ""DIAL_LEV"": 20, ""MSA"": 20}",15e10828ff41ecc745e7148fd8206cfbf4d136391f838450139da4abb73e9a93,pending
9,chunk_0009.csv,80,"{""DIAL_EGY"": 20, ""DIAL_GLF"": 20, ""DIAL_LEV"": 20, ""MSA"": 20}",ab100bf61247f45729b5af6c7394bb16d88ba77ffc742dc9dba870a5e5c480f3,pending
10,chunk_0010.csv,80,"{""DIAL_EGY"": 20, ""DIAL_GLF"": 20, ""DIAL_LEV"": 20, ""MSA"": 20}",49ce7d1521db109c909cd8e5766cdb87d8cff585a7e9c04ffdc63003b5b3b803,pending
11,chunk_0011.csv,80,"{""DIAL_EGY"": 20, ""DIAL_GLF"": 20, ""DIAL_LEV"": 20, ""MSA"": 20}",dfc94a1b183e78d600dffacb6700cf679092b8093b0ae699920dc5d04991eb05,pending
12,chunk_0012.csv,80,"{""DIAL_EGY"": 20, ""DIAL_GLF"": 20, ""DIAL_LEV"": 20, ""MSA"": 20}",7b9a61ee1913c4d3a7ca18f4212b781b3c417bacbbeaee2389575efc2ac3859f,pending
13,chunk_0013.csv,80,"{""DIAL_EGY"": 20, ""DIAL_GLF"": 20, ""DIAL_LEV"": 20, ""MSA"": 20}",6850c8f71fd4a430426f145a6508d17b26e410d08c03a20aeb40313eecf850e1,pending
14,chunk_0014.csv,80,"{""DIAL_EGY"": 20, ""DIAL_GLF"": 20, ""DIAL_LEV"": 20, ""MSA"": 20}",0ac6d13a004f8a6c119199f878111da9ee014e2e7d902ad4ef9394af864f89dc,pending
15,chunk_0015.csv,80,"{""DIAL_EGY"": 20, ""DIAL_GLF"": 20, ""DIAL_LEV"": 20, ""MSA"": 20}",003bea941a2882697e42038df35a53797f5c744a3ce995462b9605ed90071a6a,pending
16,chunk_0016.csv,80,"{""DIAL_EGY"": 20, ""DIAL_GLF"": 20, ""DIAL_LEV"": 20, ""MSA"": 20}",2a137a8c201e0e91d228deee5b5bb19d0b0018604836e74802b9cf4c6a03e6b8,pending
17,chunk_0017.csv,80,"{""DIAL_EGY"": 20, ""DIAL_GLF"": 20, ""DIAL_LEV"": 20, ""MSA"": 20}",b08980f4a9e69dfe6cbdcd6f42adba33ab7f100aa917db6aa526a89a7b179f62,pending
18,chunk_0018.csv,80,"{""DIAL_EGY"": 20, ""DIAL_GLF"": 20, ""DIAL_LEV"": 20, ""MSA"": 20}",a8772673fb1a3d4fed2fbed43f7a5cc05dbb7d47a086aa79bd1cf59a7a02e173,pending
19,chunk_0019.csv,80,"{""DIAL_EGY"": 20, ""DIAL_GLF"": 20, ""DIAL_LEV"": 20, ""MSA"": 20}",bde59b8f6a2b4602d868cbea6af60e546db541ebcc90596c4c8aef1befcc90ba,pending
20,chunk_0020.csv,80,"{""DIAL_EGY"": 20, ""DIAL_GLF"": 20, ""DIAL_LEV"": 20, ""MSA"": 20}",4fd2fab7e337341aebc86b8444991f64b2146e9a06c0c02117fcb8adaf40963e,pending
21,chunk_0021.csv,80,"{""DIAL_EGY"": 20, ""DIAL_GLF"": 20, ""DIAL_LEV"": 20, ""MSA"": 20}",022374126b5f4c35ab9b501bbfaf28a6c77f6b534b4d25aaf038bed35ea9a00a,pending
22,chunk_0022.csv,80,"{""DIAL_EGY"": 20, ""DIAL_GLF"": 20, ""DIAL_LEV"": 20, ""MSA"": 20}",958c8cad9406b710ee60afbe66c7f3b92723b389bb7732e800cd489fc14cfb12,pending
23,chunk_0023.csv,80,"{""DIAL_EGY"": 20, ""DIAL_GLF"": 20, ""DIAL_LEV"": 20, ""MSA"": 20}",b4b681bcbff84e1b756562d62d2acfb0d7d5bc457b2e5ba9f0ae8ece5adf7266,pending
24,chunk_0024.csv,80,"{""DIAL_EGY"": 20, ""DIAL_GLF"": 20, ""DIAL_LEV"": 20, ""MSA"": 20}",118538bdb4fbd537878a6d8f515eaaed5a816c44ee5fbb6d04445d93ae61f64b,pending
25,chunk_0025.csv,80,"{""DIAL_EGY"": 20, ""DIAL_GLF"": 20, ""DIAL_LEV"": 20, ""MSA"": 20}",0040de05ad5bc880be5a931404a2213407fd3268053331a0b3930a4cc1631f9e,pending
26,chunk_0026.csv,80,"{""DIAL_EGY"": 20, ""DIAL_GLF"": 20, ""DIAL_LEV"": 20, ""MSA"": 20}",db16ce8f1021789ffa5774eaa834d8aa6fce85b9b27c5c1a2ca8a7683a3d6a23,pending
27,chunk_0027.csv,80,"{""DIAL_EGY"": 20, ""DIAL_GLF"": 20, ""DIAL_LEV"": 20, ""MSA"": 20}",8a4756d7e7ee6d45f513578ed3ad510dfcbd129dd020efffbdd3e8a46ef312d4,pending
28,chunk_0028.csv,80,"{""DIAL_EGY"": 20, ""DIAL_GLF"": 20, ""DIAL_LEV"": 20, ""MSA"": 20}",af034ee23913b06fb680a409c11661ee87c81506c4f936577ce950a8511713b7,pending
29,chunk_0029.csv,80,"{""DIAL_EGY"": 20, ""DIAL_GLF"": 20, ""DIAL_LEV"": 20, ""MSA"": 20}",8062860e78ed78a7ec74d335eb13f4f100452f72ee3fbc901e9bee1221696761,pending
30,chunk_0030.csv,80,"{""DIAL_EGY"": 20, ""DIAL_GLF"": 20, ""DIAL_LEV"": 20, ""MSA"": 20}",aefebd5ec634819b9a39bbec53cdce1fe3f0c64af0ba19d586a3b9baa095598e,pending
31,chunk_0031.csv,80,"{""DIAL_EGY"": 20, ""DIAL_GLF"": 20, ""DIAL_LEV"": 20, ""MSA"": 20}",6b09b765e8e13ae32a9242a69616b1a860a949a5e30430ed05dbe7f5d378922f,pending
32,chunk_0032.csv,80,"{""DIAL_EGY"": 20, ""DIAL_GLF"": 20, ""DIAL_LEV"": 20, ""MSA"": 20}",13b7057cd7f219c23cae3364a332357596671edd45769a6d65c626b4431be935,pending
33,chunk_0033.csv,80,"{""DIAL_EGY"": 20, ""DIAL_GLF"": 20, ""DIAL_LEV"": 20, ""MSA"": 20}",7db070f9f7946088a49069ca6550c5cd697008adc221d089a330d3118217ca56,pending
34,chunk_0034.csv,80,"{""DIAL_EGY"": 20, ""DIAL_GLF"": 20, ""DIAL_LEV"": 20, ""MSA"": 20}",fb74911c09b5dfd28c5c92c89d0513d4a96f01e12ddfe0f7661f4e9544c1862d,pending
35,chunk_0035.csv,80,"{""DIAL_EGY"": 20, ""DIAL_GLF"": 20, ""DIAL_LEV"": 20, ""MSA"": 20}",c50610dd05679fde13018b14cd3b79c423c0de2be921389f58555b2536d7e76d,pending
36,chunk_0036.csv,80,"{""DIAL_EGY"": 20, ""DIAL_GLF"": 20, ""DIAL_LEV"": 20, ""MSA"": 20}",29a181764fee8239fee8dc03ee966d1185635d407a026c67090be614ec489f41,pending
37,chunk_0037.csv,80,"{""DIAL_EGY"": 20, ""DIAL_GLF"": 20, ""DIAL_LEV"": 20, ""MSA"": 20}",e0fa071049dfefd718599458d5fc7a79bc8fd29e98dc8f8b10799d6223333e39,pending
38,chunk_0038.csv,80,"{""DIAL_EGY"": 20, ""DIAL_GLF"": 20, ""DIAL_LEV"": 20, ""MSA"": 20}",90caa9656e782e7d9c05c8f27bb67472ae3041ca4d7f77254f3320e131605abd,pending
39,chunk_0039.csv,80,"{""DIAL_EGY"": 20, ""DIAL_GLF"": 20, ""DIAL_LEV"": 20, ""MSA"": 20}",d27cf971af4a2daf3180fe1853e57518e4c941f82151426714d7e7a539cd00ac,pending
40,chunk_0040.csv,80,"{""DIAL_EGY"": 20, ""DIAL_GLF"": 20, ""DIAL_LEV"": 20, ""MSA"": 20}",7724b5180c91025eb891e0292893f70474843bf8dbc1ff8105c358611570fcd9,pending
41,chunk_0041.csv,80,"{""DIAL_EGY"": 20, ""DIAL_GLF"": 20, ""DIAL_LEV"": 20, ""MSA"": 20}",c162584e94f26a766bc60f4c5226cdd8602fea26fee038ee102dcf9491666312,pending
42,chunk_0042.csv,80,"{""DIAL_EGY"": 20, ""DIAL_GLF"": 20, ""DIAL_LEV"": 20, ""MSA"": 20}",0430908182dc30c9bad21b2e932798d79b47bbcfa72930c56975d0e82eaf3e74,pending
43,chunk_0043.csv,80,"{""DIAL_EGY"": 20, ""DIAL_GLF"": 20, ""DIAL_LEV"": 20, ""MSA"": 20}",d7664491a783e1cd02e8e88f51b0b42f757ee6f4f2a9280a84d42f6b12e7f649,pending
44,chunk_0044.csv,80,"{""DIAL_EGY"": 20, ""DIAL_GLF"": 20, ""DIAL_LEV"": 20, ""MSA"": 20}",0f5e7e279ce3d7f2331734d0225ca9a2a440204d69228126a9418f6beefdb5c9,pending
45,chunk_0045.csv,80,"{""DIAL_EGY"": 20, ""DIAL_GLF"": 20, ""DIAL_LEV"": 20, ""MSA"": 20}",ac91200c782353e42932079f6d454796cfb9fe04b1c60b06c261d05dd5db4cfd,pending
46,chunk_0046.csv,80,"{""DIAL_EGY"": 20, ""DIAL_GLF"": 20, ""DIAL_LEV"": 20, ""MSA"": 20}",31f5c4a3b4cd76bb53d2f36a2499cbaf87c11ea1231ba4120898a66e46ae6d4d,pending
47,chunk_0047.csv,80,"{""DIAL_EGY"": 20, ""DIAL_GLF"": 20, ""DIAL_LEV"": 20, ""MSA"": 20}",776d26e68e1da7abe611a27b33defcb9a3956cfff168ed3b86befbcba479d1d7,pending
48,chunk_0048.csv,80,"{""DIAL_EGY"": 20, ""DIAL_GLF"": 20, ""DIAL_LEV"": 20, ""MSA"": 20}",943df8a18853218359fa7cf0fdd3717f8dc2a66518a1af3e2f920f87f80f9980,pending
49,chunk_0049.csv,80,"{""DIAL_EGY"": 20, ""DIAL_GLF"": 20, ""DIAL_LEV"": 20, ""MSA"": 20}",1cc5b1fbda83fb35b7ac1271894ecbc924a2751af5aef5b8ca2421f773311288,pending
50,chunk_0050.csv,80,"{""DIAL_EGY"": 20, ""DIAL_GLF"": 20, ""DIAL_LEV"": 20, ""MSA"": 20}",445880ae59b143621d0a92fa7118173383496cd99eb2760dc97b3eb0be6da4a7,pending
51,chunk_0051.csv,80,"{""DIAL_EGY"": 20, ""DIAL_GLF"": 20, ""DIAL_LEV"": 20, ""MSA"": 20}",8cce1070f90483c0c6855cf1d9a1047d7816c7089cc205a8466b9d4c064ad71a,pending
52,chunk_0052.csv,80,"{""DIAL_EGY"": 20, ""DIAL_GLF"": 20, ""DIAL_LEV"": 20, ""MSA"": 20}",5a87003adf8520ba308317271d9b82647ef73c2b830e9b7d3276e325c302a576,pending
53,chunk_0053.csv,80,"{""DIAL_EGY"": 20, ""DIAL_GLF"": 20, ""DIAL_LEV"": 20, ""MSA"": 20}",ef58c49336db69c8e75c28f805191a6bb7614112bf4a5f49a1f5ee8cac07650f,pending
54,chunk_0054.csv,80,"{""DIAL_EGY"": 20, ""DIAL_GLF"": 20, ""DIAL_LEV"": 20, ""MSA"": 20}",a531a021397703193a9b32995f892bd18c48939de7b30ec96557abd5ccb6ff38,pending
55,chunk_0055.csv,80,"{""DIAL_EGY"": 20, ""DIAL_GLF"": 20, ""DIAL_LEV"": 20, ""MSA"": 20}",440ade299495fcd06174c0c132d9ed9b8c3d08579ca2b651182639a4cddd3b63,pending
56,chunk_0056.csv,80,"{""DIAL_EGY"": 20, ""DIAL_GLF"": 20, ""DIAL_LEV"": 20, ""MSA"": 20}",2003228d2c94404ec39e711f4b8d594321fc2201c6eba38a1bb069adadee005d,pending
57,chunk_0057.csv,80,"{""DIAL_EGY"": 20, ""DIAL_GLF"": 20, ""DIAL_LEV"": 20, ""MSA"": 20}",a6b4ac33f78c73a29a56f1773ea1c04cf527134701204b2f00221fcb7706c8f1,pending
58,chunk_0058.csv,80,"{""DIAL_EGY"": 20, ""DIAL_GLF"": 20, ""DIAL_LEV"": 20, ""MSA"": 20}",3ef94b5feaa675245170bcd0f878d5d754141cb2f0c2408619505ea7742dba46,pending
59,chunk_0059.csv,80,"{""DIAL_EGY"": 20, ""DIAL_GLF"": 20, ""DIAL_LEV"": 20, ""MSA"": 20}",aa79d32566baad01305b247c7c9539633a90eab476eff386895fa3f7386804b5,pending
60,chunk_0060.csv,80,"{""DIAL_EGY"": 20, ""DIAL_GLF"": 20, ""DIAL_LEV"": 20, ""MSA"": 20}",aec4dfa854f1cc6a5580857eeaf19478aceb2f68836ac148f8902b0e5800db22,pending
61,chunk_0061.csv,80,"{""DIAL_EGY"": 20, ""DIAL_GLF"": 20, ""DIAL_LEV"": 20, ""MSA"": 20}",a78d07a5602fc865109efd480bdd1d39541dc26b44e37b13a5288baf665ce25b,pending
62,chunk_0062.csv,80,"{""DIAL_EGY"": 20, ""DIAL_GLF"": 20, ""DIAL_LEV"": 20, ""MSA"": 20}",a27ab1d24142d22a4223c43b4616c6484d1eac1c5e82beb70d2cf9681355a110,pending
63,chunk_0063.csv,80,"{""DIAL_EGY"": 20, ""DIAL_GLF"": 20, ""DIAL_LEV"": 20, ""MSA"": 20}",86a1befeaa8278562a133b20af2235781c5ac2174a06e548b1843c8d7d23c06d,pending
64,chunk_0064.csv,80,"{""DIAL_EGY"": 20, ""DIAL_GLF"": 20, ""DIAL_LEV"": 20, ""MSA"": 20}",5b4014c8ba4de58c1d2a4aaff8ed1a779d14cf7c7b99658fdf1c8baac604de0d,pending
65,chunk_0065.csv,80,"{""DIAL_EGY"": 20, ""DIAL_GLF"": 20, ""DIAL_LEV"": 20, ""MSA"": 20}",b1454c8c9b0c79d8d527ec9b16b70d9afa2f4fed814754bff8059bc249b9c672,pending
66,chunk_0066.csv,80,"{""DIAL_EGY"": 20, ""DIAL_GLF"": 20, ""DIAL_LEV"": 20, ""MSA"": 20}",de38e8ffca0b1f315239165ab420b940999711b0b0debcdc09689ec54d359d64,pending
67,chunk_0067.csv,80,"{""DIAL_EGY"": 20, ""DIAL_GLF"": 20, ""DIAL_LEV"": 20, ""MSA"": 20}",fa6772e84c1af0076a7d553b5f089b95d0d7b0080a0d85b7639396aabe6711df,pending
68,chunk_0068.csv,80,"{""DIAL_EGY"": 20, ""DIAL_GLF"": 20, ""DIAL_LEV"": 20, ""MSA"": 20}",453be069e06a0121df0dc684fd8f3ae8685f92faf1673c66d77854a1553710d8,pending
69,chunk_0069.csv,80,"{""DIAL_EGY"": 20, ""DIAL_GLF"": 20, ""DIAL_LEV"": 20, ""MSA"": 20}",729ee2bdc3247ca17bb3d2e199e3cf2b3afaeb8d6cafc47ebed46cde0c029a20,pending
70,chunk_0070.csv,80,"{""DIAL_EGY"": 20, ""DIAL_GLF"": 20, ""DIAL_LEV"": 20, ""MSA"": 20}",416164c0d3891b62c83af23f5bdea0eb65eb6294d44ffe5568bb6f6f95db8ce7,pending
71,chunk_0071.csv,80,"{""DIAL_EGY"": 20, ""DIAL_GLF"": 20, ""DIAL_LEV"": 20, ""MSA"": 20}",082145d9a71b5dbb9c3a20fe6964e2e9eb136ce07b33f66c2e3e6ec604ae553f,pending
72,chunk_0072.csv,80,"{""DIAL_EGY"": 20, ""DIAL_GLF"": 20, ""DIAL_LEV"": 20, ""MSA"": 20}",e368084020e8273494e908c48d6fa839faa6e5ac656234c8b35c7a18ebb0e99b,pending
73,chunk_0073.csv,80,"{""DIAL_EGY"": 20, ""DIAL_GLF"": 20, ""DIAL_LEV"": 20, ""MSA"": 20}",f1915ba51c45c93a6616c14bff04ae39c1636fd5aac921e2752eed67a4075817,pending
74,chunk_0074.csv,80,"{""DIAL_EGY"": 20, ""DIAL_GLF"": 20, ""DIAL_LEV"": 20, ""MSA"": 20}",2570c901248f28216f2d35196b4df971a3aa002af0e31bb251206968361723ac,pending
75,chunk_0075.csv,80,"{""DIAL_EGY"": 20, ""DIAL_GLF"": 20, ""DIAL_LEV"": 20, ""MSA"": 20}",fb4bd2f994f56eeca297d4815e903dd64125ec9c708ce2e89e1091434e9dbf5a,pending
76,chunk_0076.csv,80,"{""DIAL_EGY"": 20, ""DIAL_GLF"": 20, ""DIAL_LEV"": 20, ""MSA"": 20}",00482c00165af5737ad3615fbc643814ccbb98820d8b802a1ad748a396e12282,pending
77,chunk_0077.csv,80,"{""DIAL_EGY"": 20, ""DIAL_GLF"": 20, ""DIAL_LEV"": 20, ""MSA"": 20}",27e17052d918fe9940b4b46647aa3db2d90acb98e6b46dc1f557f85130aab4a4,pending
78,chunk_0078.csv,80,"{""DIAL_EGY"": 20, ""DIAL_GLF"": 20, ""DIAL_LEV"": 20, ""MSA"": 20}",459f81e971dcc0594fcff772cf47091522b84e2b4062f33c21cb03d1f206ea04,pending
79,chunk_0079.csv,80,"{""DIAL_EGY"": 20, ""DIAL_GLF"": 20, ""DIAL_LEV"": 20, ""MSA"": 20}",6df1255cf5a0e506e094750e1b5522b1a27bbe0cc757a71bde43bc2c8ed33982,pending
80,chunk_0080.csv,80,"{""DIAL_EGY"": 20, ""DIAL_GLF"": 20, ""DIAL_LEV"": 20, ""MSA"": 20}",cb192e6665525a77b1635172893aef3535cb62d1cf40dd5a1059cde2bd7d3856,pending
81,chunk_0081.csv,80,"{""DIAL_EGY"": 20, ""DIAL_GLF"": 20, ""DIAL_LEV"": 20, ""MSA"": 20}",339355d0872fa6c305dec13299086262735afa6b6c928a697729c6598fcaabed,pending
82,chunk_0082.csv,80,"{""DIAL_EGY"": 20, ""DIAL_GLF"": 20, ""DIAL_LEV"": 20, ""MSA"": 20}",f5452221f72775cb81660cbad79b092d7a881511c51fc37f2ac5a709aaf1ff95,pending
83,chunk_0083.csv,80,"{""DIAL_EGY"": 20, ""DIAL_GLF"": 20, ""DIAL_LEV"": 20, ""MSA"": 20}",2e5c151b113282034350b2f9e694e9d384cada9da565aa3e51c18671207cb6a6,pending
84,chunk_0084.csv,80,"{""DIAL_EGY"": 20, ""DIAL_GLF"": 20, ""DIAL_LEV"": 20, ""MSA"": 20}",b23e154f1ad7f95cb86954a7751f52042fa6c5055ccbe164ef4d9596594b2088,pending
85,chunk_0085.csv,80,"{""DIAL_EGY"": 20, ""DIAL_GLF"": 20, ""DIAL_LEV"": 20, ""MSA"": 20}",130616f3f6c74e91618b411f1d164f02df4538429f597ab755a77ed5a310eb64,pending
86,chunk_0086.csv,80,"{""DIAL_EGY"": 20, ""DIAL_GLF"": 20, ""DIAL_LEV"": 20, ""MSA"": 20}",8d186d7b15ef6cc1dbdf9c51f1f3bcaaa35933775dfbf83e1c64302ccdde9d7a,pending
87,chunk_0087.csv,80,"{""DIAL_EGY"": 20, ""DIAL_GLF"": 20, ""DIAL_LEV"": 20, ""MSA"": 20}",62a6a0207861e244ff735c2df352c68e125f17f587d37830b7219481e88a19d9,pending
88,chunk_0088.csv,80,"{""DIAL_EGY"": 20, ""DIAL_GLF"": 20, ""DIAL_LEV"": 20, ""MSA"": 20}",8eeb79730a7822111b4373a1b69f993a60d19b2f1d0d581cd860a8739c9c494e,pending
89,chunk_0089.csv,80,"{""DIAL_EGY"": 20, ""DIAL_GLF"": 20, ""DIAL_LEV"": 20, ""MSA"": 20}",79833c39cc6c88f886ad0ca7b6635c53123d7e3e6671603f22291dc79fca2f70,pending
90,chunk_0090.csv,80,"{""DIAL_EGY"": 20, ""DIAL_GLF"": 20, ""DIAL_LEV"": 20, ""MSA"": 20}",29492236df6be87e488c346609899dc0ae419136f68bdbeb68903810e258bd64,pending
91,chunk_0091.csv,80,"{""DIAL_EGY"": 20, ""DIAL_GLF"": 20, ""DIAL_LEV"": 20, ""MSA"": 20}",9b41a42ca6d3bec41002edb8818ceb340db44a0767546d6b499e2e8185506d94,pending
92,chunk_0092.csv,80,"{""DIAL_EGY"": 20, ""DIAL_GLF"": 20, ""DIAL_LEV"": 20, ""MSA"": 20}",e464fe34f536751936cfa6d7da1a733ad1a319a44b91804def5744d7a8948201,pending
93,chunk_0093.csv,80,"{""DIAL_EGY"": 20, ""DIAL_GLF"": 20, ""DIAL_LEV"": 20, ""MSA"": 20}",8136922f678d507716616d1d4c509c6ffb73f6d95117c17513baa3f79c607e44,pending
94,chunk_0094.csv,80,"{""DIAL_EGY"": 20, ""DIAL_GLF"": 20, ""DIAL_LEV"": 20, ""MSA"": 20}",a82fca94f37408b91a1f79d20dd23f6b9305677615d223838edc201ab60c4ea8,pending
95,chunk_0095.csv,80,"{""DIAL_EGY"": 20, ""DIAL_GLF"": 20, ""DIAL_LEV"": 20, ""MSA"": 20}",7ac1e4b5e967c9f5715981f362d4feec7bd6a86534257290afb7f4a61e91c07c,pending
96,chunk_0096.csv,80,"{""DIAL_EGY"": 20, ""DIAL_GLF"": 20, ""DIAL_LEV"": 20, ""MSA"": 20}",eb36656654db5a77ee4b066f774cc71050f2ac4b3d2f77b93f694fb28e0b74e3,pending
97,chunk_0097.csv,80,"{""DIAL_EGY"": 20, ""DIAL_GLF"": 20, ""DIAL_LEV"": 20, ""MSA"": 20}",fddf662cca54397cf91ec1a3d08314abc6573dded417e5f5dd18d57568baf7c1,pending
98,chunk_0098.csv,80,"{""DIAL_EGY"": 20, ""DIAL_GLF"": 20, ""DIAL_LEV"": 20, ""MSA"": 20}",bccd85dd33da57fe6e769909c1cc1d9ff277707d204a6917263330379d44c565,pending
99,chunk_0099.csv,80,"{""DIAL_EGY"": 20, ""DIAL_GLF"": 20, ""DIAL_LEV"": 20, ""MSA"": 20}",ea625d3e1f261d0e8af291bae729e1a9d4bc1d239c191e8ac8ba446e02880e5b,pending
100,chunk_0100.csv,80,"{""DIAL_EGY"": 20, ""DIAL_GLF"": 20, ""DIAL_LEV"": 20, ""MSA"": 20}",fe9d666374648f35874e7187286fad8ca8f9fe93023eebdd19aa066d6411e166,pending
101,chunk_0101.csv,80,"{""DIAL_EGY"": 20, ""DIAL_GLF"": 20, ""DIAL_LEV"": 20, ""MSA"": 20}",84b433dd195da20b922b62d4f9de73b36009218c134af500a20bbd5d7a23bf18,pending
102,chunk_0102.csv,80,"{""DIAL_EGY"": 20, ""DIAL_GLF"": 20, ""DIAL_LEV"": 20, ""MSA"": 20}",e7bcbcc99b4ec601ba2dce4f95a9577df3b90ba8b7bd2a0b270217e2d9bf4061,pending
103,chunk_0103.csv,80,"{""DIAL_EGY"": 20, ""DIAL_GLF"": 20, ""DIAL_LEV"": 20, ""MSA"": 20}",699620aa0312114a004fc98e7ed2503f5541046680a14d6017135cc8432cd427,pending
104,chunk_0104.csv,80,"{""DIAL_EGY"": 20, ""DIAL_GLF"": 20, ""DIAL_LEV"": 20, ""MSA"": 20}",88f5c6ebe65355d02a25ff8ebd84f8599b95d721fa95ba8da9734cd422282f53,pending
105,chunk_0105.csv,80,"{""DIAL_EGY"": 20, ""DIAL_GLF"": 20, ""DIAL_LEV"": 20, ""MSA"": 20}",21ca53db1935a8e6466d5b82fe7d85cedbd896dd012b19474169af67f8dbc4a5,pending
106,chunk_0106.csv,80,"{""DIAL_EGY"": 20, ""DIAL_GLF"": 20, ""DIAL_LEV"": 20, ""MSA"": 20}",f6c283ebe0b04aa8709e8dac169f4edd4443a781be05d52cf2c4beca6ef28723,pending
107,chunk_0107.csv,80,"{""DIAL_EGY"": 20, ""DIAL_GLF"": 20, ""DIAL_LEV"": 20, ""MSA"": 20}",32bc8c95d46c53d4f788f0bb634b7ccf784b777e9a1acd5102ad29ea58af47c9,pending
108,chunk_0108.csv,80,"{""DIAL_EGY"": 20, ""DIAL_GLF"": 20, ""DIAL_LEV"": 20, ""MSA"": 20}",a0be82119aa02acd33f9afbaab06d99394894217efb65fac046cfa8badf6bc0a,pending
109,chunk_0109.csv,80,"{""DIAL_EGY"": 20, ""DIAL_GLF"": 20, ""DIAL_LEV"": 20, ""MSA"": 20}",f449339930fd19d041cad2b6051593f32c5259f32d4a8acebfa7d92447c5cf49,pending
110,chunk_0110.csv,80,"{""DIAL_EGY"": 20, ""DIAL_GLF"": 20, ""DIAL_LEV"": 20, ""MSA"": 20}",2ce16d1377d020e9561efb533e4b1a36acce5ca7140ee1c68d69cac123b40471,pending
111,chunk_0111.csv,80,"{""DIAL_EGY"": 20, ""DIAL_GLF"": 20, ""DIAL_LEV"": 20, ""MSA"": 20}",60d9c996992eab774cbbcf1dc9e02b4307b6bc7c4b4fcd8e463427f23f006142,pending
112,chunk_0112.csv,80,"{""DIAL_EGY"": 20, ""DIAL_GLF"": 20, ""DIAL_LEV"": 20, ""MSA"": 20}",6ebb72333eec40c49190e31dbfaef202e9e982a16e92d108ac481378fc782dca,pending
113,chunk_0113.csv,80,"{""DIAL_EGY"": 20, ""DIAL_GLF"": 20, ""DIAL_LEV"": 20, ""MSA"": 20}",54b1c956519e8bf05b9c37d19fc5180780af5e80ec340a6cb706db34edcdd912,pending
114,chunk_0114.csv,80,"{""DIAL_EGY"": 20, ""DIAL_GLF"": 20, ""DIAL_LEV"": 20, ""MSA"": 20}",52db1d886fc4b082de9590e68d20db28004fd7634fc97948b4bfcf5edd15ea35,pending
115,chunk_0115.csv,80,"{""DIAL_EGY"": 20, ""DIAL_GLF"": 20, ""DIAL_LEV"": 20, ""MSA"": 20}",62512c8b413a6f05b01701900593c913beacc666a3942ca5dc9694a0852329dd,pending
116,chunk_0116.csv,80,"{""DIAL_EGY"": 20, ""DIAL_GLF"": 20, ""DIAL_LEV"": 20, ""MSA"": 20}",2fa605c28a967f76a5009ed591a31ad8781d4fdc9bc540cd0e07d87f5a83f8b0,pending
117,chunk_0117.csv,80,"{""DIAL_EGY"": 20, ""DIAL_GLF"": 20, ""DIAL_LEV"": 20, ""MSA"": 20}",a7679c96c014e323227e196e834eab284528d7e9bcea77f4ae269a4998805163,pending
118,chunk_0118.csv,80,"{""DIAL_EGY"": 20, ""DIAL_GLF"": 20, ""DIAL_LEV"": 20, ""MSA"": 20}",f148ce0ad7c406bb7bbac31f2e5a227e586a85bf4e3c87aab484160791035b14,pending
119,chunk_0119.csv,80,"{""DIAL_EGY"": 20, ""DIAL_GLF"": 20, ""DIAL_LEV"": 20, ""MSA"": 20}",67f2096b2e181845cd45b2efdec6a82a2a37b1ced267d250ce3f52c823171787,pending
120,chunk_0120.csv,80,"{""DIAL_EGY"": 20, ""DIAL_GLF"": 20, ""DIAL_LEV"": 20, ""MSA"": 20}",d81c41f84d4ebd8c01c28f2268f26338a2f39f04f3ebba5785a96e40df36b1d8,pending
121,chunk_0121.csv,80,"{""DIAL_EGY"": 20, ""DIAL_GLF"": 20, ""DIAL_LEV"": 20, ""MSA"": 20}",8207114ec1cb7957198d54f4924fa82615dec8503bac88413eaa757054fa3443,pending
122,chunk_0122.csv,80,"{""DIAL_EGY"": 20, ""DIAL_GLF"": 20, ""DIAL_LEV"": 20, ""MSA"": 20}",df2dce0d6a5c96f5c104ba28b32fa6928aa3d6f6eca0a0d378b038e6193ff344,pending
123,chunk_0123.csv,80,"{""DIAL_EGY"": 20, ""DIAL_GLF"": 20, ""DIAL_LEV"": 20, ""MSA"": 20}",129960f8dd00563a0212e1e078ba126cb824ad069d9fbdc2961da56ba9ce414c,pending
124,chunk_0124.csv,80,"{""DIAL_EGY"": 20, ""DIAL_GLF"": 20, ""DIAL_LEV"": 20, ""MSA"": 20}",9e660b82f547a1103518a1898a00e4c5ea9d523c4682d0bb9204e46906a43673,pending
125,chunk_0125.csv,80,"{""DIAL_EGY"": 20, ""DIAL_GLF"": 20, ""DIAL_LEV"": 20, ""MSA"": 20}",cbb2e0cbc13e5f6991c2d885ea5365d1852a839008043b8dd2fa6be857c220df,pending
126,chunk_0126.csv,80,"{""DIAL_EGY"": 20, ""DIAL_GLF"": 20, ""DIAL_LEV"": 20, ""MSA"": 20}",7b0c32b1feb372eb5547b255ffe9139da2aacb838ff7b7dcc533f972db3cfd85,pending
127,chunk_0127.csv,80,"{""DIAL_EGY"": 20, ""DIAL_GLF"": 20, ""DIAL_LEV"": 20, ""MSA"": 20}",a14841aa7b73a513ef28e5234d5fe2230d7482a6860796947eb1ec3afede01c4,pending
128,chunk_0128.csv,80,"{""DIAL_EGY"": 20, ""DIAL_GLF"": 20, ""DIAL_LEV"": 20, ""MSA"": 20}",29303fa4cbb2c8c22ffaaf5b5fc3709122461d556180382364bbd70cbed097af,pending
129,chunk_0129.csv,80,"{""DIAL_EGY"": 20, ""DIAL_GLF"": 20, ""DIAL_LEV"": 20, ""MSA"": 20}",b296149aa2a414d859220ce73ddfb19fbd60157aff292547eec037b4079664e1,pending
130,chunk_0130.csv,80,"{""DIAL_EGY"": 20, ""DIAL_GLF"": 20, ""DIAL_LEV"": 20, ""MSA"": 20}",77d9741ab84c38dedb0a5cf8c980f724446e63a3d3ae74fe8e7df109498b6b51,pending
131,chunk_0131.csv,80,"{""DIAL_EGY"": 20, ""DIAL_GLF"": 20, ""DIAL_LEV"": 20, ""MSA"": 20}",ae01e66c7e8ccbf09da136d810b103ab873e12826f1c624ec4cdb9e120162b2d,pending
132,chunk_0132.csv,80,"{""DIAL_EGY"": 20, ""DIAL_GLF"": 20, ""DIAL_LEV"": 20, ""MSA"": 20}",f53132f4da720c85831635bea17ae1f5b17a242fb0335c2e37b2f49671f31291,pending
133,chunk_0133.csv,80,"{""DIAL_EGY"": 20, ""DIAL_GLF"": 20, ""DIAL_LEV"": 20, ""MSA"": 20}",f2032127ca63e9cf00bce50fd29a7489ffcc60258d961d339c621075969a595e,pending
134,chunk_0134.csv,80,"{""DIAL_EGY"": 20, ""DIAL_GLF"": 20, ""DIAL_LEV"": 20, ""MSA"": 20}",2b29376e54adc053d70450299dc120bb7e1073c4833dd2a1855356723b47bc14,pending
135,chunk_0135.csv,80,"{""DIAL_EGY"": 20, ""DIAL_GLF"": 20, ""DIAL_LEV"": 20, ""MSA"": 20}",7ee4019943e70c3520c622debaed96a6da780b9423514a8674cfc0d13f9dd8ae,pending
136,chunk_0136.csv,80,"{""DIAL_EGY"": 20, ""DIAL_GLF"": 20, ""DIAL_LEV"": 20, ""MSA"": 20}",92042ddbe58b9c82f87cc44c90708d06f1ae826896131071eb50cedec5ddef69,pending
137,chunk_0137.csv,80,"{""DIAL_EGY"": 20, ""DIAL_GLF"": 20, ""DIAL_LEV"": 20, ""MSA"": 20}",07461cf0831c6715074d28694c68d189d53824c132c1a2f3ec2214c0627d9f85,pending
138,chunk_0138.csv,80,"{""DIAL_EGY"": 20, ""DIAL_GLF"": 20, ""DIAL_LEV"": 20, ""MSA"": 20}",c104e22a9905d26ffbe1d4a9bfae554d66085cd1fe9d3df015a5a61d69b1be00,pending
139,chunk_0139.csv,80,"{""DIAL_EGY"": 20, ""DIAL_GLF"": 20, ""DIAL_LEV"": 20, ""MSA"": 20}",59b4ba324bc80da074b30e71149a220b3f05fca0a45906f3f7e9e242b2dbe140,pending
140,chunk_0140.csv,80,"{""DIAL_EGY"": 20, ""DIAL_GLF"": 20, ""DIAL_LEV"": 20, ""MSA"": 20}",863fa0772b05a5e288156a678e6a0cec309d2a57d6e5f3529723d49feddd4329,pending
141,chunk_0141.csv,80,"{""DIAL_EGY"": 20, ""DIAL_GLF"": 20, ""DIAL_LEV"": 20, ""MSA"": 20}",9e347f96dc33fd986d89372abc7f7618f4e4355c936b2fb4ba3c0ae6d00568e0,pending
142,chunk_0142.csv,80,"{""DIAL_EGY"": 20, ""DIAL_GLF"": 20, ""DIAL_LEV"": 20, ""MSA"": 20}",e33d728c37cd769ad7a724dba95e8439ec55105e6235dc41332aff8d73ce8011,pending
143,chunk_0143.csv,80,"{""DIAL_EGY"": 20, ""DIAL_GLF"": 20, ""DIAL_LEV"": 20, ""MSA"": 20}",c297ed3d52895c678ddb49952f078b67487576196db4762182aeb3dcbdb61fc2,pending
144,chunk_0144.csv,80,"{""DIAL_EGY"": 20, ""DIAL_GLF"": 20, ""DIAL_LEV"": 20, ""MSA"": 20}",6196b36dee4a33d55d04cbb90abab9bd0776bac396d59510a53031bf68cc0b2b,pending
145,chunk_0145.csv,80,"{""DIAL_EGY"": 20, ""DIAL_GLF"": 20, ""DIAL_LEV"": 20, ""MSA"": 20}",068cab398d57ae88101047b09da64c3a2ff6e2357651461e397d850103071c95,pending
146,chunk_0146.csv,80,"{""DIAL_EGY"": 20, ""DIAL_GLF"": 20, ""DIAL_LEV"": 20, ""MSA"": 20}",ab21308b7bdedf97aed5654e865ec5a8cfb3b23f8ed61f5a908e898abfce155e,pending
147,chunk_0147.csv,80,"{""DIAL_EGY"": 20, ""DIAL_GLF"": 20, ""DIAL_LEV"": 20, ""MSA"": 20}",119322a8a22bbc423760df19f31181a0ddd1bce4c811dbba624e354458b8c34e,pending
148,chunk_0148.csv,80,"{""DIAL_EGY"": 20, ""DIAL_GLF"": 20, ""DIAL_LEV"": 20, ""MSA"": 20}",0229eee73fb3bca0fb642b5b43ed0c277249991b947fe340d98629d7e169c567,pending
149,chunk_0149.csv,80,"{""DIAL_EGY"": 20, ""DIAL_GLF"": 20, ""DIAL_LEV"": 20, ""MSA"": 20}",39e3effbc4530d0cbd902eb093585cf526bca0541137e8a6d64c4546d80b6a13,pending
150,chunk_0150.csv,80,"{""DIAL_EGY"": 20, ""DIAL_GLF"": 20, ""DIAL_LEV"": 20, ""MSA"": 20}",35f479b164e6a600bad2d92c102b48d63d4ba36904819f92008893ded7ad6a6c,pending
151,chunk_0151.csv,80,"{""DIAL_EGY"": 20, ""DIAL_GLF"": 20, ""DIAL_LEV"": 20, ""MSA"": 20}",3ef7556fd22304f2b4ed5ab82304eab3ca1c7f033c09e9666bd9f5c6008304bb,pending
152,chunk_0152.csv,80,"{""DIAL_EGY"": 20, ""DIAL_GLF"": 20, ""DIAL_LEV"": 20, ""MSA"": 20}",86e0007429c399960428e841722a045c751f6f922385e268d1ed7aa3436d56ac,pending
153,chunk_0153.csv,80,"{""DIAL_EGY"": 20, ""DIAL_GLF"": 20, ""DIAL_LEV"": 20, ""MSA"": 20}",7cadf85916a0f4898abb67b577067249da4d32b586d5a2d156561506cffefb64,pending
154,chunk_0154.csv,80,"{""DIAL_EGY"": 20, ""DIAL_GLF"": 20, ""DIAL_LEV"": 20, ""MSA"": 20}",4a77597b9be52597a02cf2a4433a6643b8a4e1fa4db1fd3173ff68d2f977b512,pending
155,chunk_0155.csv,80,"{""DIAL_EGY"": 20, ""DIAL_GLF"": 20, ""DIAL_LEV"": 20, ""MSA"": 20}",f206595c75ed8b8c52c4d397a2c3cdbdfbfb6c63f81fb6908800cdf03c6b9a79,pending
156,chunk_0156.csv,80,"{""DIAL_EGY"": 20, ""DIAL_GLF"": 20, ""DIAL_LEV"": 20, ""MSA"": 20}",abb544c1223658c7f7cd9f735822b50b78ea4d0cc45741c893f28f5988d7eda1,pending
157,chunk_0157.csv,80,"{""DIAL_EGY"": 20, ""DIAL_GLF"": 20, ""DIAL_LEV"": 20, ""MSA"": 20}",01e29f513b7155eb0f5b73a023a05162d1a013b0f8a2740ea231b75e39fa0841,pending
158,chunk_0158.csv,80,"{""DIAL_EGY"": 20, ""DIAL_GLF"": 20, ""DIAL_LEV"": 20, ""MSA"": 20}",a8d84bcf1e654366f209c29090147060fae358eb103ad0717b61cc2a1ff00177,pending
159,chunk_0159.csv,80,"{""DIAL_EGY"": 20, ""DIAL_GLF"": 20, ""DIAL_LEV"": 20, ""MSA"": 20}",8274904deaa0a7367f35c00a8ccad3ed7753b3903607c0f482b487c8e158e895,pending
160,chunk_0160.csv,80,"{""DIAL_EGY"": 20, ""DIAL_GLF"": 20, ""DIAL_LEV"": 20, ""MSA"": 20}",8eed75751269bb17baa5ad1bb5d2ac5d7d935879e1a254e398eaf81b1feaad94,pending
161,chunk_0161.csv,80,"{""DIAL_EGY"": 20, ""DIAL_GLF"": 20, ""DIAL_LEV"": 20, ""MSA"": 20}",6f147828069d1e3d16d04c2473b86f9882301e71bcdcd26af123a017354f75a9,pending
162,chunk_0162.csv,80,"{""DIAL_EGY"": 20, ""DIAL_GLF"": 20, ""DIAL_LEV"": 20, ""MSA"": 20}",178b1b23769d54566988b08c8f080e93022d054e1655201feedb2093c66b1f78,pending
163,chunk_0163.csv,80,"{""DIAL_EGY"": 20, ""DIAL_GLF"": 20, ""DIAL_LEV"": 20, ""MSA"": 20}",22a8b5bfb953c98c48d096b5b86cfb731e979dedd6cd3e6059097128fd7d247d,pending
164,chunk_0164.csv,80,"{""DIAL_EGY"": 20, ""DIAL_GLF"": 20, ""DIAL_LEV"": 20, ""MSA"": 20}",4543e1fe51d674e911508e15ebd6b123d33a47750d9b497370fe8f1d3f1be136,pending
165,chunk_0165.csv,80,"{""DIAL_EGY"": 20, ""DIAL_GLF"": 20, ""DIAL_LEV"": 20, ""MSA"": 20}",ccd929f41bd8eb14f9f4ae1d2c41413214d7acce3f9865d9b4d39f1accd2a3c2,pending
166,chunk_0166.csv,80,"{""DIAL_EGY"": 20, ""DIAL_GLF"": 20, ""DIAL_LEV"": 20, ""MSA"": 20}",7e30e0c70252c76580f45ebb12949e7c2c6ff08fcb74f6695daf2bcd4a71eb0f,pending
167,chunk_0167.csv,80,"{""DIAL_EGY"": 20, ""DIAL_GLF"": 20, ""DIAL_LEV"": 20, ""MSA"": 20}",8feb69baf74ac4e9ff637a1323fe02f14de6d37f94f41317ff2f528b096b00ba,pending
168,chunk_0168.csv,80,"{""DIAL_EGY"": 20, ""DIAL_GLF"": 20, ""DIAL_LEV"": 20, ""MSA"": 20}",e77b85b1010524f63639b064fc1015d0a3c70e19920950e5848050e74ff8b8c8,pending
169,chunk_0169.csv,80,"{""DIAL_EGY"": 20, ""DIAL_GLF"": 20, ""DIAL_LEV"": 20, ""MSA"": 20}",7ab61015c7ad9bc17099d2cd15d2ad699bc7444126b06bf45bdc8acb9c1bdb91,pending
170,chunk_0170.csv,80,"{""DIAL_EGY"": 20, ""DIAL_GLF"": 20, ""DIAL_LEV"": 20, ""MSA"": 20}",b9759664e3cfd0bf04a0619c2898af1b02861eb6ef017da6a04ed95942ef7a20,pending
171,chunk_0171.csv,80,"{""DIAL_EGY"": 20, ""DIAL_GLF"": 20, ""DIAL_LEV"": 20, ""MSA"": 20}",906595ae8fbcd3fd20ebf2a2691600ebd8fdfe5a7cbdb8dd236469939e33484d,pending
172,chunk_0172.csv,80,"{""DIAL_EGY"": 20, ""DIAL_GLF"": 20, ""DIAL_LEV"": 20, ""MSA"": 20}",4c6784ecf0205a50aee9fb568b52ff7c1a9bae16922525cf57ea9cdf6fcdb60c,pending
173,chunk_0173.csv,80,"{""DIAL_EGY"": 20, ""DIAL_GLF"": 20, ""DIAL_LEV"": 20, ""MSA"": 20}",9bf6c02012fe9dab4a186fff13d460f270ba8506755073dc1cf6e00422f2a759,pending
174,chunk_0174.csv,80,"{""DIAL_EGY"": 20, ""DIAL_GLF"": 20, ""DIAL_LEV"": 20, ""MSA"": 20}",c99af8d2997820e8e454dd30bd0e676ceec15ca60570c626dbd3eac436e993cc,pending
175,chunk_0175.csv,80,"{""DIAL_EGY"": 20, ""DIAL_GLF"": 20, ""DIAL_LEV"": 20, ""MSA"": 20}",a834517ebb06b751704296c51fb6899421bdb8b3aefcf665e861e737509e21ba,pending
176,chunk_0176.csv,80,"{""DIAL_EGY"": 20, ""DIAL_GLF"": 20, ""DIAL_LEV"": 20, ""MSA"": 20}",f8d5cf77a59194986a39d292cfb0950892bda5d00d9e8d421b13be3691f5fc3b,pending
177,chunk_0177.csv,80,"{""DIAL_EGY"": 20, ""DIAL_GLF"": 20, ""DIAL_LEV"": 20, ""MSA"": 20}",f2ff3eb18c5f3979121fe2c1749f5b396e61c3064b1a857706668b07cf708464,pending
178,chunk_0178.csv,80,"{""DIAL_EGY"": 20, ""DIAL_GLF"": 20, ""DIAL_LEV"": 20, ""MSA"": 20}",295e480a78b0f888c4fd07de170b22e8f7a447bfa2d2cfba24982c509ecb4bde,pending
179,chunk_0179.csv,80,"{""DIAL_EGY"": 20, ""DIAL_GLF"": 20, ""DIAL_LEV"": 20, ""MSA"": 20}",d94b5b3e68286495821c40328b8b9f244a4a56b6eec401b737146bb032b52d68,pending
180,chunk_0180.csv,80,"{""DIAL_EGY"": 20, ""DIAL_GLF"": 20, ""DIAL_LEV"": 20, ""MSA"": 20}",8aa5df3aad99d644445acf8bce079486cfd347e7aed5d947391e84f260610f5e,pending
181,chunk_0181.csv,80,"{""DIAL_EGY"": 20, ""DIAL_GLF"": 20, ""DIAL_LEV"": 20, ""MSA"": 20}",04e7ef4d6ee9be34835d2fc001acbcecdd3ba55c6b21d758b1cd7a191de7e802,pending
182,chunk_0182.csv,80,"{""DIAL_EGY"": 20, ""DIAL_GLF"": 20, ""DIAL_LEV"": 20, ""MSA"": 20}",2c78780db38b1993f232deb594ce3ab96a8b00c99b6c22f3cf0ad208a1016b38,pending
183,chunk_0183.csv,80,"{""DIAL_EGY"": 20, ""DIAL_GLF"": 20, ""DIAL_LEV"": 20, ""MSA"": 20}",6a41554c3c3fd70a2170eeeacb0166a829a6d31398065a5dad804cb67667c98a,pending
184,chunk_0184.csv,80,"{""DIAL_EGY"": 20, ""DIAL_GLF"": 20, ""DIAL_LEV"": 20, ""MSA"": 20}",c56896474a2a35bb9e95bf6781b68fc7ad250f164d8cf90e961eea8b94985e7f,pending
185,chunk_0185.csv,80,"{""DIAL_EGY"": 20, ""DIAL_GLF"": 20, ""DIAL_LEV"": 20, ""MSA"": 20}",444cc9217091da98a560855867c039ac2087189494dd6035e0a39bea562b0796,pending
186,chunk_0186.csv,80,"{""DIAL_EGY"": 20, ""DIAL_GLF"": 20, ""DIAL_LEV"": 20, ""MSA"": 20}",176eebec503b1ee7f822a1647f37098d9c828f3b16939379cecff4c07cc06e82,pending
187,chunk_0187.csv,80,"{""DIAL_EGY"": 20, ""DIAL_GLF"": 20, ""DIAL_LEV"": 20, ""MSA"": 20}",c4a10ec12d74aa5eb4cfbbc7ef601bd67e2c7db9fcc5fa6cfe5c0b154a42e331,pending
188,chunk_0188.csv,80,"{""DIAL_EGY"": 20, ""DIAL_GLF"": 20, ""DIAL_LEV"": 20, ""MSA"": 20}",8087e13c49ffc82037e3a360b2ee4f2fb5e314b7a309115abd94d0c0ccd0d2dc,pending
189,chunk_0189.csv,80,"{""DIAL_EGY"": 20, ""DIAL_GLF"": 20, ""DIAL_LEV"": 20, ""MSA"": 20}",36d2bfd646051e07f0e4824906438abbe0470ef43f8f0c75543d5d499513dbf7,pending
190,chunk_0190.csv,80,"{""DIAL_EGY"": 20, ""DIAL_GLF"": 20, ""DIAL_LEV"": 20, ""MSA"": 20}",e5a8685bf76ca421836e147a00d47a72801e5bb2a7768874c36135493bc3a60d,pending
191,chunk_0191.csv,80,"{""DIAL_EGY"": 20, ""DIAL_GLF"": 20, ""DIAL_LEV"": 20, ""MSA"": 20}",21992a808d2d3fd98cf0fc25752a7d27a518a77d78538b0f25032743e2c60a0f,pending
192,chunk_0192.csv,80,"{""DIAL_EGY"": 20, ""DIAL_GLF"": 20, ""DIAL_LEV"": 20, ""MSA"": 20}",40c14acb56baedc6caaae67c0c1c3f7d29f2eae24c80f712d3b8a0c8661cbb05,pending
193,chunk_0193.csv,80,"{""DIAL_EGY"": 20, ""DIAL_GLF"": 20, ""DIAL_LEV"": 20, ""MSA"": 20}",f3d6dca3c821a774e32841d9190e7ef8f51011b2ccf41cb1d25411d0e7ac525a,pending
194,chunk_0194.csv,80,"{""DIAL_EGY"": 20, ""DIAL_GLF"": 20, ""DIAL_LEV"": 20, ""MSA"": 20}",34ec962b6f6fc363539e8868155658912c7d66fc8f4d1d44830162635fc95172,pending
195,chunk_0195.csv,80,"{""DIAL_EGY"": 20, ""DIAL_GLF"": 20, ""DIAL_LEV"": 20, ""MSA"": 20}",a5d6dc5db0d1a3c14c81b863c5bf5078c5e798ce981f2c8d2a39b1d11820b55f,pending
196,chunk_0196.csv,80,"{""DIAL_EGY"": 20, ""DIAL_GLF"": 20, ""DIAL_LEV"": 20, ""MSA"": 20}",592ad99824f3d38ff84d678eb6090f2df969182ce8c7a5f4b0b7446e22995df7,pending
197,chunk_0197.csv,80,"{""DIAL_EGY"": 20, ""DIAL_GLF"": 20, ""DIAL_LEV"": 20, ""MSA"": 20}",aa8194ddfa67dc97d3d358c36ad904cfd0e2ea0e927f6cb70e53323641af20e2,pending
198,chunk_0198.csv,80,"{""DIAL_EGY"": 20, ""DIAL_GLF"": 20, ""DIAL_LEV"": 20, ""MSA"": 20}",b685854ad07afc73136338569a4aa804e5280eca501785a6ae287c09571a59fd,pending
199,chunk_0199.csv,80,"{""DIAL_EGY"": 20, ""DIAL_GLF"": 20, ""DIAL_LEV"": 20, ""MSA"": 20}",436f9cea87d059031a7452a172200340a29fc8b7d3c549d3efea4d14a427998a,pending
200,chunk_0200.csv,80,"{""DIAL_EGY"": 20, ""DIAL_GLF"": 20, ""DIAL_LEV"": 20, ""MSA"": 20}",b4571e42092cb6c99d78a47fbdf11945ca3166b2ba01241f9ee129fbb5cf7ecf,pending
